{
    "utterances": [
        {
            "text": "Cast fireball",
            "entities": [
                {
                    "entity": "spell_name:spell_name",
                    "start": 0,
                    "end": 13,
                    "body": "Cast fireball",
                    "entities": []
                }
            ],
            "traits": [],
            "intent": "cast_spell"
        },
        {
            "text": "Favor, favorable, favorable, favorable, favorable,",
            "entities": [],
            "traits": []
        },
        {
            "text": "Fayebo",
            "entities": [],
            "traits": [],
            "intent": "cast_spell"
        },
        {
            "text": "Fight your fireball fireball",
            "entities": [],
            "traits": [],
            "intent": "cast_spell"
        },
        {
            "text": "Fiiirebaaall",
            "entities": [
                {
                    "entity": "spell_name:spell_name",
                    "start": 0,
                    "end": 12,
                    "body": "Fiiirebaaall",
                    "entities": []
                }
            ],
            "traits": [],
            "intent": "cast_spell"
        },
        {
            "text": "Fire",
            "entities": [
                {
                    "entity": "spell_name:spell_name",
                    "start": 0,
                    "end": 4,
                    "body": "Fire",
                    "entities": []
                }
            ],
            "traits": [],
            "intent": "cast_spell"
        },
        {
            "text": "Fireball",
            "entities": [],
            "traits": []
        },
        {
            "text": "Hey Bob",
            "entities": [],
            "traits": []
        },
        {
            "text": "I use fireball",
            "entities": [
                {
                    "entity": "spell_name:spell_name",
                    "start": 6,
                    "end": 14,
                    "body": "fireball",
                    "entities": []
                }
            ],
            "traits": [],
            "intent": "cast_spell"
        },
        {
            "text": "Test favor",
            "entities": [],
            "traits": []
        },
        {
            "text": "Viable",
            "entities": [],
            "traits": []
        },
        {
            "text": "cast fireball",
            "entities": [
                {
                    "entity": "spell_name:spell_name",
                    "start": 5,
                    "end": 13,
                    "body": "fireball",
                    "entities": []
                }
            ],
            "traits": [],
            "intent": "cast_spell"
        },
        {
            "text": "fire",
            "entities": [
                {
                    "entity": "spell_name:spell_name",
                    "start": 0,
                    "end": 4,
                    "body": "fire",
                    "entities": []
                }
            ],
            "traits": [],
            "intent": "cast_spell"
        },
        {
            "text": "fire ball",
            "entities": [
                {
                    "entity": "spell_name:spell_name",
                    "start": 0,
                    "end": 9,
                    "body": "fire ball",
                    "entities": []
                }
            ],
            "traits": [],
            "intent": "cast_spell"
        },
        {
            "text": "fireball",
            "entities": [
                {
                    "entity": "spell_name:spell_name",
                    "start": 0,
                    "end": 8,
                    "body": "fireball",
                    "entities": []
                }
            ],
            "traits": [],
            "intent": "cast_spell"
        },
        {
            "text": "fireballllll",
            "entities": [
                {
                    "entity": "spell_name:spell_name",
                    "start": 0,
                    "end": 12,
                    "body": "fireballllll",
                    "entities": []
                }
            ],
            "traits": [],
            "intent": "cast_spell"
        },
        {
            "text": "magic fireball",
            "entities": [
                {
                    "entity": "spell_name:spell_name",
                    "start": 6,
                    "end": 14,
                    "body": "fireball",
                    "entities": []
                }
            ],
            "traits": [],
            "intent": "cast_spell"
        },
        {
            "text": "use fireball",
            "entities": [
                {
                    "entity": "spell_name:spell_name",
                    "start": 4,
                    "end": 12,
                    "body": "fireball",
                    "entities": []
                }
            ],
            "traits": [],
            "intent": "cast_spell"
        }
    ]
}
