{
    "utterances": [
        {
            "text": "Fiiirebaaall",
            "entities": [
                {
                    "entity": "spell_name:spell_name",
                    "start": 0,
                    "end": 12,
                    "body": "Fiiirebaaall",
                    "entities": []
                }
            ],
            "traits": [],
            "intent": "cast_spell"
        },
        {
            "text": "I use fireball",
            "entities": [
                {
                    "entity": "spell_name:spell_name",
                    "start": 6,
                    "end": 14,
                    "body": "fireball",
                    "entities": []
                }
            ],
            "traits": [],
            "intent": "cast_spell"
        },
        {
            "text": "cast fireball",
            "entities": [
                {
                    "entity": "spell_name:spell_name",
                    "start": 5,
                    "end": 13,
                    "body": "fireball",
                    "entities": []
                }
            ],
            "traits": [],
            "intent": "cast_spell"
        },
        {
            "text": "fire",
            "entities": [
                {
                    "entity": "spell_name:spell_name",
                    "start": 0,
                    "end": 4,
                    "body": "fire",
                    "entities": []
                }
            ],
            "traits": [],
            "intent": "cast_spell"
        },
        {
            "text": "fire ball",
            "entities": [
                {
                    "entity": "spell_name:spell_name",
                    "start": 0,
                    "end": 9,
                    "body": "fire ball",
                    "entities": []
                }
            ],
            "traits": [],
            "intent": "cast_spell"
        },
        {
            "text": "fireball",
            "entities": [
                {
                    "entity": "spell_name:spell_name",
                    "start": 0,
                    "end": 8,
                    "body": "fireball",
                    "entities": []
                }
            ],
            "traits": [],
            "intent": "cast_spell"
        },
        {
            "text": "magic fireball",
            "entities": [
                {
                    "entity": "spell_name:spell_name",
                    "start": 6,
                    "end": 14,
                    "body": "fireball",
                    "entities": []
                }
            ],
            "traits": [],
            "intent": "cast_spell"
        },
        {
            "text": "use fireball",
            "entities": [
                {
                    "entity": "spell_name:spell_name",
                    "start": 4,
                    "end": 12,
                    "body": "fireball",
                    "entities": []
                }
            ],
            "traits": [],
            "intent": "cast_spell"
        }
    ]
}
