{
    "utterances": [
        {
            "text": "I use fireball",
            "entities": [
                {
                    "entity": "spell_name:spell_name",
                    "start": 6,
                    "end": 14,
                    "body": "fireball",
                    "entities": []
                }
            ],
            "traits": [],
            "intent": "cast_spell"
        },
        {
            "text": "cast fireball",
            "entities": [
                {
                    "entity": "spell_name:spell_name",
                    "start": 5,
                    "end": 13,
                    "body": "fireball",
                    "entities": []
                }
            ],
            "traits": [],
            "intent": "cast_spell"
        },
        {
            "text": "fireball",
            "entities": [
                {
                    "entity": "spell_name:spell_name",
                    "start": 0,
                    "end": 8,
                    "body": "fireball",
                    "entities": []
                }
            ],
            "traits": [],
            "intent": "cast_spell"
        },
        {
            "text": "magic fireball",
            "entities": [
                {
                    "entity": "spell_name:spell_name",
                    "start": 6,
                    "end": 14,
                    "body": "fireball",
                    "entities": []
                }
            ],
            "traits": [],
            "intent": "cast_spell"
        }
    ]
}
